"Player","Seasons","Teams","PTS","TRB","AST","STL","BLK","PER","TS%","USG%","OWS","DWS","WS","WS/48","OBPM","DBPM","BPM","VORP"
"Michael Jordan*",5,1,33.28,6.42,6.14,2.84,1.08,29.92,0.5954,33.6,13.34,4.42,18.18,0.269,8.1,2.72,10.84,10.5
"Larry Bird*",9,1,25.4111111111111,10.1333333333333,6.47777777777778,1.77777777777778,0.866666666666667,24.3333333333333,0.569888888888889,26.9333333333333,8.31111111111111,5.01111111111111,13.5666666666667,0.214111111111111,5.61111111111111,1.83333333333333,7.44444444444444,7.26666666666667
"Charles Barkley*",6,1,22.7166666666667,11.9833333333333,3.65,1.66666666666667,1.13333333333333,24.5833333333333,0.642833333333333,23.4333333333333,9.5,3.56666666666667,13.4,0.218666666666667,5.26666666666667,0.85,6.1,6.06666666666667
"Magic Johnson*",10,1,20,7.32,11.53,2.04,0.43,24.5,0.608,22.38,9.07,3.41,12.62,0.2275,6.08,1.66,7.75,6.55
"Moses Malone*",10,4,23.8,12.74,1.51,0.88,1.39,22.82,0.5702,26.65,7.32,3.87,11.15,0.185,3.44,-1.43,2.03,2.96
"Hakeem Olajuwon*",6,1,23.2333333333333,12.4,2.18333333333333,1.98333333333333,3.36666666666667,23.6333333333333,0.554333333333333,26.45,4.5,5.21666666666667,10.8166666666667,0.1825,2.4,2.23333333333333,4.6,4.78333333333333
"Karl Malone*",5,1,24.88,10.62,2.54,1.46,0.66,20.8,0.5652,28.62,4.5,4.84,10,0.1564,1.96,0.4,2.34,3.44
"John Stockton*",6,1,11.7,2.3,10.4333333333333,2.38333333333333,0.166666666666667,19.8833333333333,0.594166666666667,17.1,6.08333333333333,3.55,9.96666666666667,0.188666666666667,2.9,2.65,5.55,5.01666666666667
"Kevin McHale*",10,1,18.93,7.72,1.85,0.38,1.81,20.12,0.6084,22.07,6.7,3.02,9.84,0.1861,2.44,0.22,2.65,3.03
"Robert Parish*",10,1,17.69,10.34,1.78,0.81,1.64,20.21,0.5919,21.8,5.24,4.1,9.43,0.1741,2.12,0.35,2.47,2.9
"Dominique Wilkins*",8,1,26.175,6.7375,2.45,1.475,0.7125,21.7,0.53325,30.4625,6.2,3.175,9.3375,0.15175,4.125,-0.75,3.3875,4.025
"Julius Erving*",7,1,21.1,6.18571428571429,3.65714285714286,1.71428571428571,1.6,21.6285714285714,0.557571428571429,26.1857142857143,5.48571428571429,3.82857142857143,9.3,0.171857142857143,3.8,1.18571428571429,4.98571428571429,4.58571428571429
"Sidney Moncrief*",9,1,17.0888888888889,4.84444444444444,4.03333333333333,1.23333333333333,0.322222222222222,18.6777777777778,0.591,20.7333333333333,6.38888888888889,2.9,9.3,0.186111111111111,3.24444444444444,0.422222222222222,3.66666666666667,3.5
"Clyde Drexler*",7,1,20.3714285714286,6.02857142857143,5.68571428571429,2.25714285714286,0.685714285714286,20.5857142857143,0.540285714285714,24.8285714285714,5.71428571428571,3.14285714285714,9.18571428571429,0.159714285714286,3.55714285714286,1.41428571428571,4.95714285714286,4.9
"Kareem Abdul-Jabbar*",9,1,20.1111111111111,7.22222222222222,2.61111111111111,0.7,1.86666666666667,20.6666666666667,0.595555555555556,24.0111111111111,5.95555555555556,3.22222222222222,9.16666666666667,0.170222222222222,2.55555555555556,0.611111111111111,3.17777777777778,3.48888888888889
"Adrian Dantley*",10,4,24.4,5.01666666666667,3.075,0.8,0.133333333333333,20.825,0.610916666666667,26.0083333333333,7.125,1.58333333333333,8.625,0.183083333333333,3.75833333333333,-1.01666666666667,2.74166666666667,2.81666666666667
"Jack Sikma*",10,2,16.77,9.89,3.42,1.14,1.02,17.98,0.5457,21.14,4.28,4.27,8.61,0.1523,1.27,1.2,2.44,3.05
"James Worthy*",8,1,18.275,5.725,2.9125,1.1375,0.8125,18.3375,0.5895,21.8,5.45,2.675,8.2625,0.1505,2.2875,0.075,2.3625,2.9375
"Alex English*",10,1,25.97,5.5,4.42,1.01,0.74,20.87,0.5536,27.83,6.66,1.63,8.26,0.136,3.95,-1.39,2.56,3.36
"Artis Gilmore*",8,2,15.1375,8.9,1.45,0.5,1.85,17.7125,0.6555,17.75,5.45,2.625,8.0875,0.15,0.825,0.3,1.1125,2.35
"Terry Cummings",8,3,22.175,8.7625,2.4875,1.4,0.7625,20.0125,0.528875,27.475,4.3875,3.4,8.0875,0.141875,2.1625,-0.3125,1.8375,2.6625
"Terry Porter",5,1,14.08,3.64,8.02,1.7,0.1,17.36,0.5718,18.64,5.22,2.38,7.96,0.1428,2.14,0.54,2.7,3.22
"Larry Nance",8,3,18.69,8.62,2.84,1.02,2.22,20.11,0.5921,21.04,4.77,3.11,7.95,0.1704,2.44,1.28,3.72,3.23
"Buck Williams",9,2,16.1333333333333,11.6666666666667,1.52222222222222,0.933333333333333,1,16.4555555555556,0.586888888888889,18.3111111111111,3.82222222222222,3.85555555555556,7.94444444444444,0.132333333333333,0.488888888888889,-0.288888888888889,0.211111111111111,1.62222222222222
"Dan Issel*",5,1,19.8,6.92,2.22,0.88,0.58,20.88,0.569,24.86,6.44,1.38,7.82,0.162,2.78,-1.24,1.58,2.12
"Patrick Ewing*",5,1,22.6,9.24,1.96,1.26,2.98,21.22,0.575,26.8,3.7,3.48,7.82,0.1398,1.52,1.66,3.14,3.5
"Bill Laimbeer",10,3,13.1666666666667,10.3166666666667,1.99166666666667,0.658333333333333,0.966666666666667,16.3833333333333,0.557,17.0083333333333,4.18333333333333,3.15,7.625,0.147916666666667,0.641666666666667,0.425,1.08333333333333,2.06666666666667
"Reggie Miller*",3,1,16.8666666666667,3.26666666666667,2.83333333333333,1.06666666666667,0.266666666666667,16.8333333333333,0.609,20.4333333333333,6.3,1.56666666666667,7.6,0.138666666666667,2.66666666666667,-0.433333333333333,2.23333333333333,2.86666666666667
"Mark Price",4,1,15.35,2.6,6.625,1.225,0.125,17.65,0.5725,20.875,5.3,2.175,7.575,0.141,2.75,-0.45,2.325,3
"Marques Johnson",6,2,19.2666666666667,6.3,4.03333333333333,1.3,0.583333333333333,18.95,0.545,23.9,4.68333333333333,2.86666666666667,7.55,0.143666666666667,2.86666666666667,-0.0333333333333333,2.81666666666667,3.1
"Isiah Thomas*",9,1,20,3.72222222222222,9.72222222222222,2.06666666666667,0.277777777777778,18.7888888888889,0.521444444444444,25.2,4.04444444444444,3.18888888888889,7.52222222222222,0.121777777777778,2.75555555555556,0.444444444444444,3.22222222222222,3.88888888888889
"Maurice Cheeks*",10,4,11.975,2.9,7.03333333333333,2.08333333333333,0.275,16.9916666666667,0.578666666666667,15.3583333333333,4.625,2.84166666666667,7.425,0.149833333333333,1.68333333333333,1.425,3.10833333333333,3.11666666666667
"Hot Rod Williams",4,1,13.475,7.1,1.625,0.85,1.9,17.15,0.548,19.15,3.65,3.225,7.4,0.14625,0.45,1.15,1.625,2.25
"George Gervin*",6,2,24.8166666666667,4.11666666666667,2.7,0.95,0.633333333333333,20.2333333333333,0.5545,30.6333333333333,5.83333333333333,1.45,7.28333333333333,0.133333333333333,2.7,-1.63333333333333,1.05,2.1
"Bernard King*",8,3,23.3125,5.2625,3.35,0.95,0.225,19.925,0.577125,28.125,5.15,2.1875,7.2125,0.137625,2.975,-0.775,2.225,2.6625
"A.C. Green",5,1,10.96,7.76,1.06,0.9,0.68,14.9,0.5772,15.64,4.08,2.86,7.18,0.1452,0.36,-0.2,0.14,1.34
"Fat Lever",8,2,15,6.4375,6.8875,2.3,0.3,18.1,0.4965,19.9125,3.55,3.325,7.125,0.128,2.0125,1.525,3.525,3.7625
"Derek Harper",7,1,13.6857142857143,2.68571428571429,6.08571428571429,1.92857142857143,0.371428571428571,17.2428571428571,0.548,18.8714285714286,4.5,2.3,7.04285714285714,0.128428571428571,1.77142857142857,1.18571428571429,2.97142857142857,3.31428571428571
"Otis Thorpe",6,3,16.0333333333333,8.53333333333333,2.31666666666667,0.683333333333333,0.533333333333333,16.5333333333333,0.5975,19.7833333333333,4.51666666666667,2.16666666666667,7.01666666666667,0.125333333333333,0.75,-0.466666666666667,0.266666666666667,1.61666666666667
"Calvin Natt",7,2,16.9,6.45714285714286,2.24285714285714,0.828571428571429,0.3,17.7857142857143,0.584571428571429,20.9571428571429,5.01428571428571,2.02857142857143,7.01428571428571,0.145285714285714,2.11428571428571,-0.9,1.18571428571429,1.98571428571429
"Sam Perkins",6,1,14.3833333333333,8,1.8,1.05,0.95,16.0166666666667,0.544666666666667,18.7166666666667,4.03333333333333,2.73333333333333,6.96666666666667,0.128166666666667,0.483333333333333,0.05,0.516666666666667,1.66666666666667
"Jerome Kersey",5,1,14.7,6.94,2.42,1.5,0.8,17,0.5456,20.66,3.58,2.74,6.84,0.1406,0.74,0.88,1.62,2.16
"Chris Mullin*",5,1,20.18,3.9,3.82,1.62,0.48,19.24,0.5846,23.66,5.36,1.6,6.8,0.1328,2.74,-0.12,2.64,2.96
"Jeff Ruland",5,1,18.78,10.88,3.64,0.78,0.84,18.96,0.6144,22.44,3.26,3.54,6.8,0.149,1.42,0.9,2.32,2.36
"Rolando Blackman",9,1,19.2666666666667,3.64444444444444,3.17777777777778,0.788888888888889,0.333333333333333,17.4111111111111,0.561444444444444,23.2888888888889,5.48888888888889,1.24444444444444,6.8,0.120222222222222,2,-1.31111111111111,0.677777777777778,1.82222222222222
"Dennis Rodman*",4,1,8.975,8.025,1.025,0.675,0.675,16.15,0.588,16.125,3.35,2.825,6.775,0.15925,0.675,0.775,1.475,1.8
"Rodney McCray",7,2,13.0714285714286,7.04285714285714,3.95714285714286,0.814285714285714,0.714285714285714,14.8714285714286,0.564571428571429,15.9714285714286,4.1,2.6,6.74285714285714,0.116,1.07142857142857,0.342857142857143,1.41428571428571,2.48571428571429
"Bill Cartwright",8,2,14.95,6.8125,1.45,0.55,0.825,16.3625,0.6055,20.125,4.125,2.6375,6.7125,0.141375,0.4125,-0.275,0.1375,1.25
"Clark Kellogg",3,1,19.2666666666667,9.7,3,1.43333333333333,0.4,19.4333333333333,0.544666666666667,24.6666666666667,3.56666666666667,3.06666666666667,6.63333333333333,0.121,1.9,-0.466666666666667,1.43333333333333,2.26666666666667
"Byron Scott",7,1,16.5428571428571,3.15714285714286,3.11428571428571,1.32857142857143,0.285714285714286,15.9,0.559571428571429,21.6,4.17142857142857,2.35714285714286,6.57142857142857,0.125,0.685714285714286,0.0571428571428571,0.742857142857143,1.81428571428571
"Doc Rivers",7,1,12.5714285714286,3.58571428571429,7.12857142857143,2.14285714285714,0.471428571428571,18.0428571428571,0.543,19.2285714285714,3.75714285714286,2.88571428571429,6.54285714285714,0.145285714285714,1.78571428571429,2.07142857142857,3.84285714285714,3.22857142857143
"Tom Chambers",9,3,21.0555555555556,6.84444444444444,2.35555555555556,0.922222222222222,0.633333333333333,17.1444444444444,0.551333333333333,25.8222222222222,4.14444444444444,2.21111111111111,6.51111111111111,0.113111111111111,0.744444444444444,-0.955555555555556,-0.222222222222222,1.25555555555556
"Gus Williams",5,2,19.12,2.6,7.38,2.08,0.34,18.7,0.5008,25.7,3.2,3.32,6.5,0.1126,2.46,0.28,2.76,3.4
"Kevin Johnson",3,3,14.4,3.18,8.3,1.4,0.28,18.04,0.5552,20.16,4.4,1.88,6.36,0.138,2.06,0.32,2.42,2.54
"Michael Adams",4,2,13.775,2.8,5.675,1.75,0.1,15.7,0.54375,17.675,3.85,2.525,6.35,0.124,1.5,0.55,2.1,2.525
"Brad Daugherty",4,1,17.525,8.7,3.725,0.675,0.625,16.575,0.56975,21.8,2.95,3.45,6.325,0.1205,0.475,0.2,0.625,1.775
"Vern Fleming",6,1,13.8,4.25,6.03333333333333,1.26666666666667,0.133333333333333,15.5833333333333,0.56,18.2833333333333,4.11666666666667,2.35,6.31666666666667,0.1125,0.9,0.116666666666667,1,2.05
"Bobby Jones*",6,1,9.95,4.26666666666667,2.23333333333333,1.13333333333333,1.05,16.5833333333333,0.608833333333333,16.3,3.5,2.83333333333333,6.3,0.163333333333333,1.4,2.06666666666667,3.45,2.55
"Horace Grant",3,1,11.0333333333333,7.33333333333333,2,0.966666666666667,0.866666666666667,14.4666666666667,0.544,15.9,3.4,2.6,6.2,0.120333333333333,-0.3,-0.1,-0.366666666666667,1.1
"Mark Jackson",3,1,13.4666666666667,4.46666666666667,8.86666666666667,1.9,0.0666666666666667,16.1,0.506666666666667,18.7666666666667,3.3,2.93333333333333,6.16666666666667,0.109,1.96666666666667,0.2,2.2,2.93333333333333
"Jamaal Wilkes*",5,1,17.78,4.24,2.16,0.98,0.3,15.7,0.548,22.7,4.24,1.84,6.1,0.1144,0.48,-1.4,-0.96,0.92
"Kiki Vandeweghe",10,4,19.5818181818182,3.48181818181818,2.15454545454545,0.609090909090909,0.318181818181818,17.4636363636364,0.573363636363636,23.0818181818182,5.5,0.763636363636364,6.08181818181818,0.135363636363636,2.13636363636364,-1.89090909090909,0.254545454545455,1.47272727272727
"Steve Stipanovich",5,1,13.2,7.78,2.32,1.02,0.96,15.06,0.5472,18.52,2.5,3.58,6.08,0.1146,-0.36,1,0.64,1.68
"World B. Free",6,3,23.3285714285714,2.87142857142857,4.34285714285714,1.22857142857143,0.185714285714286,18.9857142857143,0.524857142857143,29.3571428571429,4.71428571428571,1.24285714285714,6,0.119142857142857,2.77142857142857,-1.1,1.7,2.21428571428571
"Cedric Maxwell",7,4,12.2,5.88888888888889,2.45555555555556,0.722222222222222,0.388888888888889,15.2777777777778,0.617333333333333,16.6111111111111,4.05555555555556,1.92222222222222,5.98888888888889,0.142444444444444,1.17777777777778,-0.133333333333333,1.06666666666667,1.58888888888889
"Derrick McKey",3,1,13.3666666666667,5.26666666666667,2.1,1.1,0.9,14.9666666666667,0.564666666666667,18.6333333333333,3.7,2.13333333333333,5.93333333333333,0.117333333333333,0.4,0.366666666666667,0.766666666666667,1.73333333333333
"Xavier McDaniel",5,1,20.66,7,2.48,1.18,0.56,17.94,0.5314,26.76,3.5,2.44,5.88,0.1062,1.5,-1.12,0.38,1.6
"Greg Ballard",7,2,13.6857142857143,6.25714285714286,2.48571428571429,1.22857142857143,0.314285714285714,15.1285714285714,0.509142857142857,19.4857142857143,2.47142857142857,3.4,5.87142857142857,0.110142857142857,0.214285714285714,0.714285714285714,0.928571428571429,2
"Dale Ellis",7,2,18.0428571428571,3.97142857142857,1.65714285714286,0.928571428571429,0.171428571428571,17.1857142857143,0.549714285714286,24.5,4.65714285714286,1.35714285714286,5.85714285714286,0.119714285714286,2.38571428571429,-1.55714285714286,0.828571428571429,1.88571428571429
"Dennis Johnson*",10,2,14.01,3.67,5.85,1.28,0.5,14.15,0.5148,19.18,2.9,2.96,5.84,0.105,0.06,0.21,0.26,1.56
"Joe Dumars*",5,1,14.08,2.26,4.92,0.94,0.1,14.5,0.5494,19.54,3.6,2.04,5.8,0.1134,0.6,-0.08,0.5,1.58
"James Donaldson",9,5,9.3,8.79,0.9,0.38,1.46,14.16,0.6296,12.69,3.1,2.64,5.79,0.1219,-0.13,0.4,0.28,1.33
"Alvin Robertson",6,2,15.8333333333333,5.63333333333333,5.41666666666667,2.85,0.466666666666667,18.05,0.5315,22.05,2.48333333333333,3,5.78333333333333,0.108166666666667,1.06666666666667,1.91666666666667,2.95,3.25
"Paul Pressey",8,1,11.9375,4.2875,5.675,1.55,0.65,16.0125,0.547125,18.9125,2.6125,3.15,5.7,0.12175,1.1375,1.675,2.825,2.775
"Jeff Hornacek",4,1,11.475,3.4,5.525,1.4,0.125,15.75,0.559,16.8,3.625,1.825,5.65,0.11825,1.125,0.6,1.725,2.2
"Mark Aguirre",9,3,21.9909090909091,5.29090909090909,3.5,0.763636363636364,0.381818181818182,19.1272727272727,0.541636363636364,29.3181818181818,4.00909090909091,1.60909090909091,5.64545454545455,0.115,2.77272727272727,-1.26363636363636,1.51818181818182,2.11818181818182
"Bob Lanier*",4,1,13.025,5.7,2.75,0.95,0.825,17.325,0.5775,20.725,2.775,2.8,5.6,0.15425,1.325,1.175,2.475,2
"Billy Knight",4,2,14.925,3.925,1.975,0.825,0.125,17.4,0.57775,23,4.1,1.375,5.475,0.1235,1.875,-1.225,0.65,1.45
"Danny Ainge",8,3,14.1,3.21,5.06,1.31,0.14,15.27,0.551,19,3.47,1.9,5.39,0.121,1.02,0.2,1.22,1.76
"Michael Cage",6,2,10.6666666666667,9.1,1.21666666666667,1,0.6,14.5833333333333,0.5515,15.1333333333333,2.96666666666667,2.26666666666667,5.38333333333333,0.1065,-0.133333333333333,-0.583333333333333,-0.7,0.85
"Cliff Levingston",7,2,8.64285714285714,6.3,1.01428571428571,0.785714285714286,0.8,14.2,0.566285714285714,14.5857142857143,2.95714285714286,2.55714285714286,5.35714285714286,0.132,-0.242857142857143,0.457142857142857,0.214285714285714,1.08571428571429
"Ricky Pierce",7,2,15.7285714285714,2.65714285714286,1.91428571428571,0.771428571428571,0.185714285714286,17.3142857142857,0.580571428571429,23.8428571428571,3.98571428571429,1.48571428571429,5.31428571428571,0.145714285714286,1.62857142857143,-0.728571428571429,0.914285714285714,1.35714285714286
"Truck Robinson",4,2,14.55,8.95,2.025,0.7,0.4,13.025,0.5215,19.35,1.05,4.2,5.25,0.094,-1.025,-0.325,-1.35,0.5
"Dan Roundfield",7,3,14.7428571428571,9.15714285714286,2.24285714285714,0.728571428571429,1.12857142857143,16.7285714285714,0.533714285714286,21.3714285714286,2.27142857142857,2.94285714285714,5.2,0.113285714285714,0.471428571428571,0.128571428571429,0.571428571428571,1.58571428571429
"Gene Banks",6,2,11.2833333333333,5.78333333333333,2.85,0.933333333333333,0.233333333333333,14.9,0.580166666666667,16.6666666666667,3.63333333333333,1.56666666666667,5.18333333333333,0.112666666666667,0.833333333333333,-0.366666666666667,0.5,1.46666666666667
"Kyle Macy",7,3,9.54285714285714,2.22857142857143,4.02857142857143,1.14285714285714,0.0857142857142857,13.9,0.556571428571429,15.5428571428571,3.17142857142857,1.97142857142857,5.14285714285714,0.121285714285714,0.0857142857142858,0.557142857142857,0.614285714285714,1.37142857142857
"John Williams",3,1,11.9,5.7,3.16666666666667,1.6,0.566666666666667,16.4,0.511333333333333,19.7666666666667,2,3.13333333333333,5.13333333333333,0.11,0.766666666666667,1.8,2.56666666666667,2.56666666666667
"Mike Gminski",9,3,14.1454545454545,8.2,1.50909090909091,0.663636363636364,1.28181818181818,16.6727272727273,0.536,20.3454545454545,2.8,2.26363636363636,5.12727272727273,0.115818181818182,0.718181818181818,-0.336363636363636,0.390909090909091,1.3
"Rickey Green",8,2,11.375,2.3625,6.75,1.8125,0.075,16.2125,0.5385,17.3125,3.0375,2.05,5.0875,0.114,0.9125,0.4375,1.3375,1.875
"Alvan Adams",8,1,12.2375,5.9875,3.8,1.225,0.675,16.8875,0.54375,21.2375,1.975,3.0875,5.05,0.11875,0.75,1.4875,2.225,2.2
"Charles Oakley",5,2,12.8,11.42,2.6,1,0.32,15.36,0.5474,18.76,1.66,3.26,5.04,0.0994,-0.26,-0.48,-0.74,0.72
"Orlando Woolridge",8,3,16.225,4.4,1.9,0.6375,0.725,16.825,0.581625,22.9375,3.725,1.4,5.025,0.117875,1.325,-0.875,0.45,1.4125
"Brad Davis",10,1,9.24,2,5.49,0.85,0.15,15.13,0.5943,15.36,4.05,1.09,5.02,0.1227,0.89,-0.38,0.51,1.26
"Ron Harper",4,3,20.54,5.04,5,2.32,1.02,18.76,0.536,25.36,1.96,3.28,5,0.121,1.84,1.84,3.62,2.8
"Sleepy Floyd",8,3,14.66,3.1,6.11,1.36,0.23,15.9,0.5403,21,3.22,1.67,5,0.0998,1.1,-0.35,0.74,1.8
"Kevin Willis",5,1,12.34,8.16,0.56,0.74,0.6,14.82,0.5422,19.74,2.18,2.86,4.98,0.104,-0.78,-1.06,-1.84,0.14
"Nate McMillan",4,1,6.6,4.725,8.35,1.925,0.575,14.725,0.50775,12.175,2.325,2.525,4.975,0.10425,0.75,1.9,2.65,2.675
"Jim Paxson",10,3,13.9545454545455,1.92727272727273,2.85454545454545,1.2,0.118181818181818,15.2454545454545,0.543636363636364,20.9545454545455,3.59090909090909,1.46363636363636,4.95454545454546,0.111727272727273,0.281818181818182,-0.472727272727273,-0.190909090909091,1.28181818181818
"Kevin Duckworth",3,1,16.7,7.2,0.9,0.5,0.466666666666667,14.0333333333333,0.536333333333333,22.7333333333333,2.43333333333333,2.16666666666667,4.93333333333333,0.097,-1.16666666666667,-1.66666666666667,-2.86666666666667,-0.533333333333333
"John Salley",4,1,7,4.725,1,0.575,1.55,13,0.58425,13.875,1.925,2.475,4.9,0.13475,-1.4,2.725,1.325,1.475
"Thurl Bailey",7,1,15.0571428571429,5.8,1.68571428571429,0.528571428571429,1.3,14.5428571428571,0.525571428571429,21.7571428571429,1.55714285714286,3.18571428571429,4.85714285714286,0.0935714285714286,-0.5,-0.1,-0.6,0.914285714285714
"Michael Cooper",10,1,8.88,3.22,4.35,1.2,0.61,12.76,0.5412,14.51,2.55,2.3,4.84,0.1065,0.12,1.15,1.27,1.81
"Jeff Malone",7,1,20.2714285714286,2.65714285714286,2.78571428571429,0.642857142857143,0.171428571428571,15.8428571428571,0.526142857142857,26.3142857142857,3.22857142857143,1.74285714285714,4.8,0.0874285714285714,0.642857142857143,-1.58571428571429,-0.957142857142857,0.728571428571429
"Roy Tarpley",3,1,12.6,10.6666666666667,1.1,1.26666666666667,1.26666666666667,17.5666666666667,0.511,21.3333333333333,1.46666666666667,3,4.8,0.123666666666667,-0.866666666666667,0.2,-0.666666666666667,0.666666666666667
"Johnny Newman",3,1,12.9666666666667,2.33333333333333,1.7,1.16666666666667,0.233333333333333,13.3666666666667,0.558333333333333,20.5333333333333,3.1,1.8,4.76666666666667,0.108666666666667,-0.466666666666667,-0.166666666666667,-0.633333333333333,0.8
"Wayman Tisdale",5,3,17.2714285714286,7.22857142857143,1.42857142857143,0.628571428571429,0.557142857142857,16.7285714285714,0.560428571428571,23.5571428571429,2.82857142857143,1.94285714285714,4.75714285714286,0.110285714285714,0.271428571428571,-0.942857142857143,-0.685714285714286,0.685714285714286
"Tree Rollins",8,1,6.4,7.1125,0.65,0.525,2.7375,13.0875,0.56725,10.7375,1.5375,3.2375,4.75,0.1215,-1.4125,2.6,1.1875,1.55
"Kelly Tripucka",9,3,18.2555555555556,3.96666666666667,3.04444444444444,1.01111111111111,0.188888888888889,15.9666666666667,0.551777777777778,23.8444444444444,3.12222222222222,1.65555555555556,4.71111111111111,0.101444444444444,0.811111111111111,-0.733333333333333,0.1,1.2
"Mychal Thompson",10,4,13.9166666666667,7.25833333333333,2.25,0.733333333333333,1.11666666666667,15.225,0.536333333333333,20.6916666666667,2.09166666666667,2.5,4.60833333333333,0.0969166666666667,-0.216666666666667,-0.391666666666667,-0.633333333333333,1.08333333333333
"David Thompson*",3,2,18.7666666666667,3.23333333333333,2.63333333333333,0.633333333333333,0.566666666666667,17.7,0.562333333333333,26.5666666666667,3.9,0.733333333333333,4.6,0.105333333333333,1.73333333333333,-1.9,-0.2,1.1
"Darryl Dawkins",6,2,13.7666666666667,5.83333333333333,1.35,0.516666666666667,1.38333333333333,15.95,0.633,20.9833333333333,1.98333333333333,2.61666666666667,4.6,0.132333333333333,-1.11666666666667,0.816666666666667,-0.266666666666667,0.8
"John Drew",4,2,19.775,5.15,1.625,1.075,0.1,19.35,0.549,31.05,2.9,1.725,4.6,0.1235,1.375,-1.525,-0.15,0.85
"Walter Davis",10,2,18.28,2.39,4,1.14,0.1,17.94,0.5457,27.49,2.87,1.75,4.56,0.1077,1.51,-0.92,0.59,1.41
"Reggie King",4,2,9.9,6.6,1.75,0.9,0.35,13.025,0.55475,15.1,2.15,2.375,4.525,0.097,-0.325,-0.05,-0.35,0.95
"Reggie Theus",10,6,17.425,3.075,6.425,1.10833333333333,0.2,16.4666666666667,0.533583333333333,24.675,3.40833333333333,1.26666666666667,4.48333333333333,0.0871666666666667,1.425,-1.41666666666667,0.025,1.325
"Purvis Short",10,3,18.13,4.19,2.71,1.1,0.2,16.75,0.5228,25.08,3.26,1.31,4.48,0.1005,0.94,-0.94,0,1.11
"Rick Mahorn",9,3,8.7,7.7,1.21111111111111,0.677777777777778,1.21111111111111,11.7,0.538666666666667,14.2222222222222,0.877777777777778,3.53333333333333,4.45555555555556,0.0992222222222222,-2.34444444444444,1.43333333333333,-0.911111111111111,0.677777777777778
"Maurice Lucas",8,6,12.5625,8.1625,1.9875,0.6625,0.4875,15.1,0.529375,20.7,1.8875,2.5625,4.45,0.10675,-0.65,-0.35,-0.9875,0.625
"Mike Mitchell",8,3,20.06,5.57,1.34,0.7,0.48,15.83,0.5221,24.93,3.3,1.12,4.42,0.0823,0.48,-2.31,-1.82,0.26
"Jay Humphries",6,3,11.5285714285714,2.85714285714286,6.1,1.5,0.1,14.1428571428571,0.542714285714286,17.0428571428571,2.54285714285714,1.77142857142857,4.38571428571429,0.0924285714285714,-0.214285714285714,0.142857142857143,-0.0714285714285714,1.08571428571429
"Alton Lister",7,2,8.7,7.62857142857143,1.2,0.471428571428571,2.01428571428571,13.9142857142857,0.545142857142857,16.3714285714286,0.914285714285714,3.41428571428571,4.35714285714286,0.107428571428571,-2.05714285714286,1.45714285714286,-0.557142857142857,0.7
"Vinnie Johnson",10,3,12.2818181818182,3.10909090909091,3.31818181818182,0.881818181818182,0.263636363636364,15.6727272727273,0.517181818181818,22.1,2.58181818181818,1.72727272727273,4.35454545454545,0.105181818181818,1.02727272727273,-0.0363636363636363,1.00909090909091,1.48181818181818
"Mark Olberding",6,4,10.3333333333333,5.61666666666667,2.78333333333333,0.683333333333333,0.266666666666667,12.55,0.584666666666667,15.85,2.65,1.71666666666667,4.35,0.0951666666666667,-0.9,-0.05,-0.95,0.583333333333333
"Rod Higgins",6,2,10.4166666666667,4.05,1.88333333333333,0.666666666666667,0.516666666666667,14.0333333333333,0.570166666666667,16.5,3.28333333333333,1.25,4.35,0.109666666666667,0.583333333333333,-0.45,0.133333333333333,1.05
"Chuck Person",4,1,19.275,6.85,3.525,0.925,0.2,15.325,0.53,24.5,1.9,2.625,4.275,0.07225,0.775,-1.075,-0.325,1.2
"Johnny Moore",7,1,10.5,3.14285714285714,8.14285714285714,2.14285714285714,0.242857142857143,16.8285714285714,0.509285714285714,18.1857142857143,2.24285714285714,2.04285714285714,4.27142857142857,0.107,1.25714285714286,1,2.25714285714286,2.07142857142857
"Lester Conner",5,2,8.46,3.44,5.02,1.96,0.12,14.44,0.517,14.04,2.2,1.96,4.26,0.091,-0.44,1.48,1.04,1.7
"Ed Pinckney",3,4,10.58,5.56,1.42,1.02,0.72,15.98,0.6076,17.22,2.52,1.68,4.22,0.1326,0.4,0.46,0.86,1.06
"Elvin Hayes*",3,2,15.6,8.8,1.66666666666667,0.733333333333333,1.46666666666667,14.6666666666667,0.503666666666667,21.4333333333333,1,3.2,4.2,0.0713333333333333,-0.966666666666667,-0.266666666666667,-1.3,0.533333333333333
"Mark Eaton",8,1,6.725,8.475,1.1375,0.4125,4,11.3625,0.489625,11.65,-0.6625,4.5875,4.1875,0.07975,-3.175,3.2125,0.0375,1.2625
"Michael Brooks",4,1,13.45,6.675,2.625,1.275,0.425,15.275,0.5255,19.175,2.9,1.25,4.125,0.0865,0.8,-0.7,0.075,1.2
"Tiny Archibald*",4,2,11.075,1.75,6.35,0.75,0.075,12.875,0.53975,17.5,2.5,1.6,4.1,0.09375,0.15,-1.15,-1,0.625
"Scottie Pippen*",3,1,12.9333333333333,5.53333333333333,3.66666666666667,1.9,0.9,14.7,0.513666666666667,20.8333333333333,0.566666666666667,2.66666666666667,4,0.0776666666666667,-0.666666666666667,1.23333333333333,0.533333333333333,1.7
"Lewis Lloyd",5,2,13.92,3.1,3.12,0.94,0.34,16.42,0.5594,22.6,2.48,1.48,3.96,0.1032,1.04,-0.34,0.7,1.34
"Larry Smith",10,2,7.75,9.89,1.14,0.82,0.59,12.81,0.5382,12.31,1.96,1.93,3.94,0.0917,-0.85,-0.84,-1.71,0.27
"Mike Woodson",9,5,15.16,2.54,2.48,1.36,0.37,15.13,0.5228,23.71,2.14,1.86,3.94,0.0861,-0.2,0.03,-0.16,1.11
"Kenny Walker",3,1,9.46666666666667,4.9,0.933333333333333,0.666666666666667,0.733333333333333,12.7666666666667,0.543,16.1333333333333,2.3,1.9,3.93333333333333,0.105,-0.966666666666667,-0.2,-1.16666666666667,0.4
"Dave Corzine",9,2,9.91111111111111,6.65555555555556,1.88888888888889,0.488888888888889,1.11111111111111,13.7333333333333,0.526777777777778,16.9555555555556,1.72222222222222,2.17777777777778,3.92222222222222,0.0867777777777778,-0.388888888888889,-0.177777777777778,-0.588888888888889,0.777777777777778
"Jim Spanarkel",3,1,10.0666666666667,2.66666666666667,2.3,1,0.133333333333333,15.5666666666667,0.566,19.2666666666667,3.13333333333333,0.8,3.9,0.107,0.866666666666667,-0.233333333333333,0.633333333333333,1.3
"Andrew Toney",7,1,15.0285714285714,2.08571428571429,4.15714285714286,0.728571428571429,0.214285714285714,15.5428571428571,0.557571428571429,25.2571428571429,2.31428571428571,1.57142857142857,3.87142857142857,0.0922857142857143,0.628571428571429,-1.55714285714286,-0.914285714285714,0.671428571428571
"Muggsy Bogues",3,2,6.6,2.13333333333333,7.86666666666667,1.66666666666667,0.0333333333333333,14.9666666666667,0.473333333333333,13.7666666666667,2.13333333333333,1.73333333333333,3.86666666666667,0.0843333333333333,0.433333333333333,0.966666666666667,1.4,1.83333333333333
"Craig Ehlo",4,1,8.575,4.05,3.125,1.2,0.4,13.05,0.517,16.275,1.425,2.175,3.85,0.09475,-0.55,1.45,0.9,1.425
"Junior Bridgeman",6,2,13.5833333333333,3.23333333333333,2.66666666666667,0.7,0.183333333333333,15.05,0.522166666666667,23.1333333333333,2.16666666666667,1.68333333333333,3.85,0.102333333333333,0.183333333333333,-0.816666666666667,-0.616666666666667,0.65
"Micheal Ray Richardson",6,4,14.9875,5.2625,6.875,2.725,0.375,16.0375,0.485625,21.95,0.925,2.925,3.85,0.08225,0.2625,1.75,1.9875,2.275
"Roy Hinson",7,4,14.4777777777778,6.81111111111111,1.03333333333333,0.677777777777778,1.75555555555556,14.5111111111111,0.545333333333333,19.7444444444444,1.75555555555556,2.23333333333333,3.83333333333333,0.0891111111111111,-1.25555555555556,0.1,-1.15555555555556,0.444444444444444
"Frank Brickowski",3,1,12.1,5.8,2.36666666666667,1.16666666666667,0.5,14.7666666666667,0.574333333333333,18.8,1.9,1.8,3.83333333333333,0.102666666666667,-0.766666666666667,0.466666666666667,-0.3,0.766666666666667
"Otis Birdsong",7,2,17.2857142857143,2.68571428571429,3.61428571428571,1.15714285714286,0.2,15.3428571428571,0.521857142857143,23.8142857142857,2.14285714285714,1.68571428571429,3.82857142857143,0.0897142857142857,0.542857142857143,-0.6,-0.0714285714285713,1.04285714285714
"Fred Brown",4,1,11.35,1.5,2.9,0.825,0.1,17.075,0.53375,23.975,2.325,1.525,3.825,0.1155,1.375,-0.275,1.1,1.25
"Norm Nixon",7,3,15.0571428571429,2.42857142857143,8.41428571428571,1.31428571428571,0.0428571428571429,14.6714285714286,0.498428571428571,20.8857142857143,2.6,1.22857142857143,3.81428571428571,0.063,0.6,-1.8,-1.2,0.714285714285714
"John Paxson",6,2,8,1.31666666666667,3.98333333333333,0.733333333333333,0.05,12.15,0.545333333333333,14.5333333333333,2.81666666666667,1.16666666666667,3.8,0.0928333333333333,-0.766666666666667,-0.766666666666667,-1.5,0.25
"Armen Gilliam",3,3,16.55,7.975,1.2,0.95,0.6,15.525,0.54875,22.275,1.65,2.075,3.75,0.0825,-0.4,-1.175,-1.525,0.3
"Brian Winters",3,1,12.7,2.23333333333333,3.36666666666667,0.9,0.1,13.4666666666667,0.521666666666667,21.1666666666667,1.86666666666667,1.83333333333333,3.7,0.104333333333333,-0.366666666666667,-0.433333333333333,-0.8,0.566666666666667
"LaSalle Thompson",7,4,11.3555555555556,8.84444444444444,1.31111111111111,0.944444444444444,1.33333333333333,15.2111111111111,0.546666666666667,18.6444444444444,1.28888888888889,2.37777777777778,3.7,0.0935555555555556,-1.22222222222222,0.288888888888889,-0.9,0.566666666666667
"Louis Orr",7,2,10.1285714285714,3.84285714285714,1.57142857142857,0.828571428571429,0.3,13.4142857142857,0.526,18.8142857142857,1.81428571428571,1.91428571428571,3.7,0.094,-0.0285714285714286,-0.271428571428571,-0.328571428571429,0.814285714285714
"Eddie Johnson",10,7,16.0388888888889,3.44444444444444,3.95555555555556,0.75,0.133333333333333,15.4333333333333,0.525166666666667,24.3777777777778,2.42777777777778,1.28888888888889,3.67777777777778,0.0821666666666667,1.06111111111111,-1.67222222222222,-0.638888888888889,0.827777777777778
"Dave Greenwood",9,4,9.63636363636364,7.90909090909091,1.96363636363636,0.745454545454545,0.836363636363636,12.8090909090909,0.520818181818182,15.5,1.61818181818182,2.03636363636364,3.63636363636364,0.0857272727272727,-1.32727272727273,-0.0090909090909091,-1.32727272727273,0.554545454545454
"Blair Rasmussen",4,1,10.55,5.7,0.85,0.375,0.9,14.775,0.51225,20.625,1.675,1.75,3.625,0.10375,-1.5,-1.125,-2.55,-0.15
"T.R. Dunn",8,1,5.25,5.1,1.925,1.55,0.2875,9.9,0.50525,8.4375,1.7875,1.8375,3.625,0.079,-1.125,1.0125,-0.0875,1.075
"Kurt Rambis",8,4,6.08888888888889,6.73333333333333,1.22222222222222,1.05555555555556,0.622222222222222,12.8111111111111,0.573777777777778,12.3,1.22222222222222,2.28888888888889,3.62222222222222,0.111333333333333,-1.11111111111111,1.16666666666667,0.0444444444444444,0.844444444444444
"Allen Leavell",7,1,10.1714285714286,1.67142857142857,5.07142857142857,1.41428571428571,0.157142857142857,14.8428571428571,0.522142857142857,19.1,2.01428571428571,1.6,3.61428571428571,0.0958571428571429,0.128571428571429,0.3,0.442857142857143,1.21428571428571
"Detlef Schrempf",5,3,10.9285714285714,5.07142857142857,2.32857142857143,0.657142857142857,0.257142857142857,14.5714285714286,0.559142857142857,19.7714285714286,2.4,1.22857142857143,3.6,0.107142857142857,-0.142857142857143,-0.3,-0.442857142857143,0.714285714285714
"Danny Schayes",8,3,10.15,6.48,1.6,0.6,0.99,14.02,0.5751,17.78,1.78,1.83,3.58,0.1055,-1.83,-0.11,-1.93,0.09
"Trent Tucker",8,1,8.7875,2.175,2.1875,0.9875,0.125,12.9625,0.524125,17.425,1.9875,1.6625,3.5625,0.104375,0.025,0.725,0.7375,1.1125
"Ron Anderson",3,3,11.925,4.125,1.925,0.85,0.175,14.425,0.5155,20,2.125,1.475,3.55,0.08775,0.175,-0.8,-0.625,0.6
"Terry Tyler",9,3,9.51111111111111,4.76666666666667,1.15555555555556,0.833333333333333,1.3,14.2,0.510333333333333,17.8777777777778,1.45555555555556,2.11111111111111,3.54444444444444,0.0864444444444444,-0.455555555555555,0.6,0.122222222222222,1.15555555555556
"Benoit Benjamin",5,1,13.1,8.36,1.94,0.78,2.8,15.38,0.5512,18.84,0.6,2.64,3.52,0.074,-1.72,1.6,-0.16,1.06
"Kenny Carr",7,4,12.1777777777778,7.97777777777778,1.47777777777778,0.744444444444444,0.377777777777778,14.4666666666667,0.554555555555556,19.3444444444444,1.7,1.78888888888889,3.5,0.0932222222222222,-0.766666666666667,-0.788888888888889,-1.58888888888889,0.377777777777778
"Ben Poquette",6,2,7.06666666666667,5.63333333333333,1.38333333333333,0.616666666666667,1.01666666666667,12.0166666666667,0.527833333333333,12.9666666666667,1.71666666666667,1.76666666666667,3.48333333333333,0.0905,-1.35,0.583333333333333,-0.75,0.633333333333333
"Tim McCormick",5,5,10,5.84285714285714,1.28571428571429,0.357142857142857,0.4,12.7714285714286,0.575428571428571,16.3714285714286,2.05714285714286,1.42857142857143,3.47142857142857,0.0962857142857143,-1.18571428571429,-0.7,-1.88571428571429,0.114285714285714
"James Edwards",9,5,13.8,5.66,1.59,0.31,0.75,14.66,0.5464,22.73,1.87,1.49,3.45,0.0937,-1,-0.72,-1.68,0.23
"John Lucas",8,5,10.8875,2.25,7.0875,1.275,0.05,15.8375,0.5085,19.125,2.0375,1.5125,3.45,0.101875,1.75,-0.275,1.4625,1.425
"Kent Benson",6,1,9.71666666666667,6.26666666666667,1.88333333333333,0.866666666666667,0.85,13.85,0.536833333333333,15.9,1.46666666666667,2.01666666666667,3.43333333333333,0.104666666666667,-0.533333333333333,0.833333333333333,0.3,0.95
"Johnny Dawkins",4,2,13.65,2.85,6.35,1.35,0.025,15.25,0.52425,20.425,2.4,1,3.425,0.07575,0.625,-1.125,-0.525,0.875
"Sly Williams",4,2,12.825,4.8,2.475,1.225,0.2,16.575,0.534,23.475,1.525,1.9,3.4,0.10475,0.8,0.4,1.225,1.3
"Mickey Johnson",6,4,12.8875,6.15,3.0125,1.05,0.575,15.675,0.515125,23.725,1.0875,2.2625,3.3625,0.096,-0.2625,0.4125,0.125,0.9125
"Sam Bowie",4,2,11.275,8.15,2.125,0.575,2.175,15.2,0.5265,18.075,1.25,1.9,3.325,0.09725,-0.575,1.125,0.575,0.95
"Johnny Davis",6,4,11.7571428571429,1.71428571428571,4.61428571428571,0.8,0.114285714285714,14.8142857142857,0.514714285714286,21.3285714285714,2.15714285714286,1.17142857142857,3.31428571428571,0.0867142857142857,0.571428571428572,-0.985714285714286,-0.428571428571429,0.714285714285714
"Don Buse",4,3,6.125,1.725,3.55,1.375,0.1,13.425,0.4955,13.85,1.575,1.675,3.25,0.107,-0.275,1.675,1.4,1.3
"Mark West",5,3,8.34285714285714,6.35714285714286,0.628571428571429,0.485714285714286,1.71428571428571,12.4285714285714,0.588142857142857,15.1285714285714,0.957142857142857,2.01428571428571,3.24285714285714,0.0862857142857143,-2.5,0.971428571428571,-1.54285714285714,0.357142857142857
"Otis Smith",3,3,12.075,3.975,2.2,1.275,0.65,17.45,0.539,22.225,2.075,1.475,3.225,0.1015,1.375,0,1.35,1.275
"Quinn Buckner",4,2,9.55,2.875,3.975,1.875,0.025,12.6,0.48725,18.975,0.2,3,3.225,0.07775,-2.1,1.7,-0.375,0.9
"Gerald Wilkins",5,1,15.56,3.42,3.56,1.12,0.24,14.04,0.508,23.38,1.38,1.84,3.22,0.0608,0.22,-0.82,-0.6,0.92
"Joe Barry Carroll",9,5,16.0333333333333,7.31666666666667,1.68333333333333,0.891666666666667,1.58333333333333,15.4,0.501833333333333,23.8,0.883333333333333,2.45,3.18333333333333,0.0611666666666667,-1.05833333333333,-0.0583333333333334,-1.13333333333333,0.675
"Bill Walton*",4,3,10.975,8.575,2.825,0.75,2.15,17.675,0.5685,19.025,0.875,2.25,3.15,0.1035,0.3,2.35,2.675,1.7
"Jerome Whitehead",4,2,10.3,6.825,0.875,0.55,0.425,13.875,0.56175,16.7,2.4,0.725,3.15,0.08875,-0.875,-1.7,-2.55,-0.2
"Wayne Cooper",9,4,9.06666666666667,7.03333333333333,1.04444444444444,0.366666666666667,1.86666666666667,13.5777777777778,0.493222222222222,17.9111111111111,0.9,2.21111111111111,3.13333333333333,0.0851111111111111,-2.3,-0.0555555555555556,-2.34444444444444,-0.0666666666666667
"Danny Young",4,2,5.65,1.5,3.475,1.1,0.05,12.45,0.5415,12.4,1.675,1.475,3.125,0.1025,-0.325,1.325,0.975,1.15
"Kevin Grevey",4,2,10.95,2.025,2.125,0.575,0.175,11.6,0.49725,19.65,1.425,1.725,3.125,0.08425,-1.125,-0.1,-1.225,0.5
"Darrell Walker",7,3,9.77142857142857,4.24285714285714,4.62857142857143,1.67142857142857,0.328571428571429,14.2857142857143,0.491142857142857,19.6428571428571,0.571428571428572,2.34285714285714,3.11428571428571,0.0704285714285714,-0.6,1.52857142857143,0.942857142857143,1.6
"Harold Pressley",3,1,10.2666666666667,5,2.2,1.03333333333333,0.733333333333333,14.0333333333333,0.515,18.7333333333333,1.46666666666667,1.83333333333333,3.1,0.0743333333333333,0.233333333333333,0.1,0.366666666666667,1.2
"Joe Meriweather",3,1,7.36666666666667,5.16666666666667,0.833333333333333,0.5,1,12.0333333333333,0.571333333333333,15.0666666666667,1.2,1.93333333333333,3.1,0.0943333333333333,-2.26666666666667,0.5,-1.8,0.1
"Marvin Webster",4,1,5.15,5.475,0.85,0.35,1.3,11.825,0.51925,12.925,0.7,2.4,3.1,0.09475,-1.775,1.15,-0.575,0.525
"Alvin Scott",3,1,5,3,1.6,0.633333333333333,0.7,11.0333333333333,0.523,12.5666666666667,0.9,2.16666666666667,3.1,0.0983333333333333,-1.2,1.53333333333333,0.333333333333333,0.933333333333333
"Mitchell Wiggins",5,2,10.96,3.48,1.82,1.16,0.1,14.02,0.5024,21.5,1.38,1.6,3.08,0.0942,-1.04,0.1,-0.92,0.46
"Ray Williams",7,6,12.6625,3.0375,5.475,1.6875,0.3,15.0375,0.497875,23.4625,0.9375,2.125,3.075,0.0765,-0.175,0.5875,0.4,1.4125
"Brad Sellers",3,1,8.3,3.5,1.4,0.466666666666667,0.866666666666667,11.5666666666667,0.507666666666667,16.7333333333333,1.33333333333333,1.8,3.06666666666667,0.0783333333333333,-1.46666666666667,-0.4,-1.86666666666667,0.0666666666666667
"Mike Glenn",6,3,7.73333333333333,1.28333333333333,1.65,0.516666666666667,0.0833333333333333,14.8,0.582166666666667,17.8,2.18333333333333,0.9,3.06666666666667,0.134,0.216666666666667,0.2,0.383333333333333,0.716666666666667
"Gerald Henderson",9,5,9.9,1.83636363636364,4.20909090909091,1.22727272727273,0.1,13.2909090909091,0.531454545454545,19.5,1.42727272727273,1.6,3.03636363636364,0.0765454545454545,-0.654545454545455,-0.0636363636363636,-0.718181818181818,0.690909090909091
"Foots Walker",3,1,5.33333333333333,2.03333333333333,4.9,1.3,0.0333333333333333,11.1,0.525666666666667,11.4333333333333,1.13333333333333,1.93333333333333,3.03333333333333,0.0953333333333333,-1.76666666666667,1.26666666666667,-0.5,0.633333333333333
"Cliff Robinson",8,6,17.95,8.6,2,1.14,0.9,17.24,0.5023,26.5,0.51,2.49,3.02,0.0741,-0.1,-0.37,-0.47,0.74
"Ernie Grunfeld",5,2,7.52,2.36,2.18,0.68,0.22,12.86,0.5308,17.24,1.46,1.52,3.02,0.0982,-0.74,0.72,-0.02,0.76
"Kelvin Ransey",6,3,11.3666666666667,1.9,5.21666666666667,0.983333333333333,0.1,14.7,0.500166666666667,21.6166666666667,1.66666666666667,1.33333333333333,2.98333333333333,0.0748333333333333,0.283333333333333,-1.13333333333333,-0.866666666666667,0.566666666666667
"Jay Vincent",8,5,14.3777777777778,5.3,1.84444444444444,0.633333333333333,0.288888888888889,13.9444444444444,0.504333333333333,23.5888888888889,1.71111111111111,1.27777777777778,2.97777777777778,0.0611111111111111,-0.988888888888889,-1.57777777777778,-2.54444444444444,0.222222222222222
"Jon Koncak",5,1,5.6,5.76,0.54,0.64,0.94,11.28,0.5506,12.46,0.88,2.36,2.96,0.1002,-2.4,1.24,-1.12,0.32
"Phil Hubbard",8,3,11.28,5.6,1.31,0.9,0.15,13.47,0.5467,20.12,1.38,1.58,2.96,0.0795,-1.27,-0.71,-1.94,0.17
"Caldwell Jones",9,4,5.96666666666667,6.51111111111111,1.17777777777778,0.466666666666667,1.23333333333333,9.41111111111111,0.538777777777778,11.0222222222222,0.511111111111111,2.46666666666667,2.95555555555556,0.0708888888888889,-2.72222222222222,0.855555555555556,-1.9,0.122222222222222
"Terry Catledge",5,3,12.26,6.4,0.76,0.54,0.18,13.82,0.5218,20.84,1.58,1.74,2.92,0.0766,-0.92,-2,-2.92,-0.44
"Sam Williams",3,3,6.925,4.875,0.725,0.875,1.35,14.15,0.537,16.225,0.775,2.125,2.9,0.1035,-1.725,1.45,-0.275,0.575
"Steve Johnson",8,5,11.9,5.67,1.23,0.48,0.88,15.32,0.5951,22.48,1.29,1.63,2.9,0.0919,-1.68,-0.18,-1.85,0.12
"Jim Petersen",4,2,9.15,6.05,1.3,0.55,0.875,11.675,0.53,16.5,0.7,2.25,2.9,0.0725,-2.45,0.175,-2.3,-0.075
"Mike Dunleavy",3,2,8.56666666666667,1.6,4.1,0.8,0.0333333333333333,14.0666666666667,0.532666666666667,19.2,2,0.866666666666667,2.9,0.0923333333333333,0.0333333333333333,-0.766666666666667,-0.733333333333333,0.5
"Clemon Johnson",5,3,7.44285714285714,5.82857142857143,1.35714285714286,0.614285714285714,1.1,13.7857142857143,0.523857142857143,15.5857142857143,1,1.9,2.88571428571429,0.0992857142857143,-0.8,0.557142857142857,-0.242857142857143,0.657142857142857
"Danny Vranes",4,1,6.225,4.825,1.525,0.75,0.625,9.35,0.5145,11.775,0.75,2.125,2.875,0.06975,-2.375,0.75,-1.575,0.2
"Tyrone Corbin",4,5,8.65714285714286,4.62857142857143,1.8,1.14285714285714,0.214285714285714,13,0.519285714285714,17.2142857142857,1.17142857142857,1.4,2.84285714285714,0.085,-1.11428571428571,0.285714285714286,-0.842857142857143,0.585714285714286
"Robert Reid",9,3,11.09,4.01,2.65,0.97,0.34,12.02,0.4823,19.5,1.02,2.07,2.83,0.0598,-1.76,-0.0300000000000001,-1.8,0.39
"Lonnie Shelton",5,2,9.8,5.02,2.28,0.88,0.5,11.4,0.5016,17.8,0.54,2.3,2.82,0.0632,-2.16,0.44,-1.72,0.4
"Bob Hansen",5,1,8.6,2.74,1.78,0.74,0.1,10.72,0.5262,16.86,0.94,1.88,2.8,0.0812,-2.08,0.18,-1.9,0.04
"Herb Williams",9,3,13.1272727272727,7.44545454545455,2.15454545454545,0.654545454545455,1.81818181818182,13.5636363636364,0.494181818181818,19.9181818181818,0.0363636363636363,2.69090909090909,2.8,0.0576363636363636,-1.43636363636364,0.645454545454546,-0.809090909090909,0.790909090909091
"Calvin Murphy*",3,1,13.2333333333333,1.1,2.63333333333333,1.03333333333333,0.0666666666666667,15.3666666666667,0.503333333333333,26.0333333333333,2,0.766666666666667,2.76666666666667,0.078,-0.466666666666667,-0.933333333333333,-1.43333333333333,0.366666666666667
"Randy Wittman",5,3,9.2,1.76666666666667,2.93333333333333,0.6,0.15,11.0833333333333,0.516666666666667,14.9,1.78333333333333,0.966666666666667,2.75,0.0675,-0.766666666666667,-0.516666666666667,-1.26666666666667,0.45
"Spud Webb",5,1,6.74,1.84,4.56,1,0.1,15.62,0.5378,18.48,1.52,1.44,2.74,0.1026,0.52,0.74,1.26,0.98
"Craig Hodges",8,5,9.47272727272727,1.48181818181818,2.7,0.845454545454545,0.0454545454545455,12.3818181818182,0.560272727272727,17.2454545454545,1.75454545454545,1.12727272727273,2.72727272727273,0.0898181818181818,0.0909090909090908,-0.572727272727273,-0.481818181818182,0.509090909090909
"Bill Garnett",4,2,5.525,4.325,1.3,0.525,0.55,12.125,0.557,14.025,1.325,1.375,2.725,0.09575,-1.65,0.7,-0.95,0.4
"Phil Ford",4,4,9.62,1.56,5.52,0.9,0.04,12.02,0.5278,17.58,1.26,1.42,2.72,0.0682,-1.14,-0.92,-2.06,0.02
"Antoine Carr",4,3,10.4666666666667,3.93333333333333,1.41666666666667,0.433333333333333,0.966666666666667,15.0166666666667,0.5645,21.25,1.55,1.83333333333333,2.68333333333333,0.100333333333333,-0.8,0.183333333333333,-0.616666666666667,0.45
"Fred Roberts",4,4,8.02,3.18,1.28,0.52,0.32,12.62,0.5736,17.38,1.44,1.32,2.68,0.0958,-0.98,-0.28,-1.28,0.2
"George Johnson",4,2,8.64,6.44,1.86,0.78,1.64,13.9,0.5134,17,0.36,2.3,2.68,0.0792,-1.36,1.18,-0.2,0.74
"Randy Breuer",4,3,9.03333333333333,5.33333333333333,1.08333333333333,0.55,1.23333333333333,13.3166666666667,0.494333333333333,19.1833333333333,0.55,2.45,2.66666666666667,0.0766666666666667,-1.78333333333333,0.133333333333333,-1.65,0.3
"Larry Drew",9,5,12.0666666666667,1.85555555555556,5.41111111111111,1.18888888888889,0.0555555555555556,13.6222222222222,0.511555555555556,20.3777777777778,1.37777777777778,1.41111111111111,2.65555555555556,0.0576666666666667,-0.311111111111111,-0.866666666666667,-1.16666666666667,0.544444444444444
"Randy Smith",3,4,10.5,1.725,3.275,1,0.05,14.65,0.522,20.9,1.925,0.75,2.65,0.07625,-0.0750000000000001,-0.875,-0.95,0.475
"Darwin Cook",8,4,9.45555555555556,2.04444444444444,3.45555555555556,1.63333333333333,0.3,13.4444444444444,0.490777777777778,20,0.377777777777778,2.24444444444444,2.61111111111111,0.0687777777777778,-1.25555555555556,1.26666666666667,0.0222222222222222,1.02222222222222
"Jeff Cook",5,4,5.71428571428571,5.08571428571429,1.4,0.657142857142857,0.457142857142857,10.9142857142857,0.527142857142857,12.8857142857143,0.771428571428571,1.77142857142857,2.58571428571429,0.0884285714285714,-1.88571428571429,0.485714285714286,-1.4,0.271428571428571
"Frank Johnson",5,1,10.38,1.94,5.08,1.12,0.1,13.4,0.4966,20.56,0.5,2.08,2.58,0.07,-0.8,0.06,-0.7,0.56
"Sam Vincent",3,3,10.4,2.875,6.025,0.95,0.25,15.05,0.5325,19.1,1.5,1.5,2.575,0.089,0.325,-0.375,-0.05,0.675
"Greg Anderson",3,2,11.4,6.9,0.7,0.8,1.23333333333333,14.2,0.523,20.1666666666667,0.466666666666667,2.23333333333333,2.56666666666667,0.066,-1.83333333333333,-0.933333333333333,-2.83333333333333,-0.333333333333333
"Rory Sparrow",9,5,9.23333333333333,2.19166666666667,5.04166666666667,1.04166666666667,0.108333333333333,11.7333333333333,0.4935,16.8666666666667,0.9,1.775,2.55833333333333,0.0613333333333333,-1.44166666666667,-0.15,-1.60833333333333,0.316666666666667
"Ralph Sampson*",7,4,14.9,8.6375,2.3625,0.85,1.6125,14.2625,0.495625,22.8125,0.0625,2.7,2.55,0.045,-2.075,0.6375,-1.45,0.6625
"Scott Wedman",4,4,13.44,4.6,2.1,0.88,0.34,13.24,0.4982,21.44,1.02,1.52,2.54,0.0664,-0.78,-0.72,-1.5,0.26
"Dudley Bradley",3,4,6.525,2.05,2.35,1.8,0.55,12.175,0.5225,14.9,0.375,2.15,2.525,0.0805,-2.125,3.35,1.2,1.2
"Lorenzo Romar",3,3,6.4,1.425,3.55,0.9,0.125,14.15,0.513,17.175,1.275,1.225,2.525,0.0965,-0.05,0.475,0.4,0.7
"Al Wood",5,3,12.3,3.16666666666667,1.85,0.783333333333333,0.383333333333333,13.9166666666667,0.526833333333333,22,1.46666666666667,1.08333333333333,2.51666666666667,0.0678333333333333,-0.316666666666667,-1.03333333333333,-1.35,0.35
"Rich Kelley",5,3,6.13333333333333,5.93333333333333,2.55,0.8,0.633333333333333,11.75,0.5595,14.2,0.2,2.33333333333333,2.51666666666667,0.0861666666666667,-2.3,1.55,-0.75,0.5
"Darren Daye",3,1,7.83333333333333,2.93333333333333,2.33333333333333,0.633333333333333,0.2,14.8,0.535333333333333,21.2333333333333,1,1.5,2.5,0.0916666666666667,-0.1,0.333333333333333,0.133333333333333,0.7
"Ken Norman",3,1,14.2666666666667,6.33333333333333,2.33333333333333,1.03333333333333,0.7,13.7333333333333,0.517,20.7666666666667,0.5,1.86666666666667,2.5,0.0486666666666667,-0.966666666666667,-0.566666666666667,-1.5,0.433333333333333
"Jerry Sichting",8,3,7.05,1.425,3.375,0.75,0.025,11.325,0.54175,13.8125,1.55,0.9125,2.4875,0.078375,-1.225,-0.325,-1.525,0.2125
"Billy McKinney",3,3,9.88,2.02,4.26,1,0.12,13.48,0.5592,16.46,2.18,0.3,2.48,0.0754,-0.58,-0.98,-1.54,0.18
"Bill Hanzlik",10,2,7.16,2.74,2.73,0.97,0.27,10.86,0.5232,15.26,0.99,1.51,2.47,0.0725,-2.2,0.6,-1.6,0.22
"Darrell Griffith",9,1,17.1333333333333,3.46666666666667,2.3,1.27777777777778,0.333333333333333,14.6222222222222,0.509777777777778,26.2888888888889,0.244444444444444,2.21111111111111,2.44444444444444,0.0533333333333333,-0.466666666666667,-0.7,-1.15555555555556,0.455555555555556
"Clint Richardson",6,2,7.38333333333333,2.48333333333333,2.68333333333333,0.65,0.166666666666667,11.3,0.501833333333333,16.65,0.833333333333333,1.58333333333333,2.43333333333333,0.0716666666666667,-1.11666666666667,-0.116666666666667,-1.21666666666667,0.333333333333333
"Mike O'Koren",6,1,8.4,3.45,2.15,0.766666666666667,0.233333333333333,11.9833333333333,0.519166666666667,16.9833333333333,0.933333333333333,1.53333333333333,2.41666666666667,0.0818333333333333,-0.816666666666667,0.283333333333333,-0.566666666666667,0.55
"Kurt Nimphius",6,3,7.6875,4.8625,1.1375,0.375,1.325,11.6,0.522,14.95,1.25,1.175,2.4125,0.065375,-2.25,0.125,-2.125,0.1
"John Long",10,3,13.48,2.63,1.98,0.98,0.19,13.62,0.5064,23.44,1.1,1.49,2.41,0.0589,-0.85,-0.83,-1.67,0.29
"John Battle",3,1,10.3333333333333,1.7,2.46666666666667,0.5,0.1,14.1333333333333,0.528666666666667,22.1666666666667,1.8,1.3,2.4,0.0796666666666667,0.1,-1.4,-1.26666666666667,0.233333333333333
"Tom McMillen",6,2,8.25,3.35,1.08333333333333,0.233333333333333,0.283333333333333,11.4333333333333,0.5305,17.7833333333333,1.13333333333333,1.21666666666667,2.36666666666667,0.0795,-1.61666666666667,-0.783333333333333,-2.4,-0.1
"Lionel Hollins",4,3,10.4,2.275,5.025,1.4,0.2,11.85,0.4995,18.45,0.275,2.075,2.35,0.0535,-1.7,-0.125,-1.8,0.125
"Dwight Jones",3,2,7.5,5.03333333333333,1.13333333333333,0.5,0.4,11.7666666666667,0.539,16.8,1,1.36666666666667,2.33333333333333,0.0756666666666667,-1.96666666666667,-0.466666666666667,-2.4,0.1
"Kenny Smith",3,3,13.14,2.16,6.26,1.14,0.1,13.64,0.5304,18.88,1.56,1.64,2.32,0.0574,-0.2,-1.36,-1.52,0.18
"Darnell Valentine",7,3,9.4375,2.25,5.375,1.625,0.075,14.05,0.503875,18.875,0.8375,1.475,2.3125,0.07075,-0.7125,0.4125,-0.3375,0.675
"Derek Smith",6,5,12.075,3.075,2.2375,0.7,0.425,13.6,0.532875,21.55,1.625,0.8,2.3,0.069,-0.775,-0.825,-1.6,0.325
"Mark Alarie",3,2,8.36666666666667,3.76666666666667,1.26666666666667,0.433333333333333,0.4,13.3,0.519,19.3,1.13333333333333,1.26666666666667,2.26666666666667,0.0786666666666667,-1.16666666666667,-0.966666666666667,-2.16666666666667,0
"Bob McAdoo*",5,2,11.66,4.28,0.98,0.52,0.78,15.7,0.5332,24.6,1.1,1.16,2.26,0.1034,-1.36,-0.9,-2.24,-0.02
"Charles Jones",6,3,4.34,5.09,1.06,0.71,1.7,11.21,0.5271,10.33,0.45,1.74,2.24,0.0957,-2.51,2.33,-0.17,0.56
"Mike Bratz",3,3,8.16666666666667,2.06666666666667,4.73333333333333,1.16666666666667,0.133333333333333,12.8666666666667,0.478666666666667,17.9666666666667,0.933333333333333,1.3,2.23333333333333,0.0606666666666667,-0.7,-0.233333333333333,-0.9,0.5
"Paul Griffin",3,1,4.4,4.8,2.3,0.8,0.433333333333333,10.4,0.563,10.4666666666667,1,1.23333333333333,2.23333333333333,0.0766666666666667,-1.3,1.2,-0.1,0.733333333333333
"Sedale Threatt",6,4,8.475,1.5875,3.1875,1.0625,0.1375,13.625,0.509,19.4125,1.175,1.2,2.225,0.089875,-1.275,0.325,-0.95,0.35
"James Bailey",7,5,10.2555555555556,5.58888888888889,0.866666666666667,0.577777777777778,0.922222222222222,13.4777777777778,0.532,21.7666666666667,0.355555555555556,1.85555555555556,2.18888888888889,0.0692222222222222,-2.7,-0.0777777777777778,-2.78888888888889,-0.188888888888889
"Pat Cummings",7,3,11.4285714285714,7.01428571428571,1.32857142857143,0.642857142857143,0.285714285714286,12.6714285714286,0.520571428571429,20.1285714285714,0.657142857142857,1.54285714285714,2.18571428571429,0.0597142857142857,-1.91428571428571,-0.885714285714286,-2.8,-0.171428571428571
"Mike McGee",6,5,11.1285714285714,2.41428571428571,1.4,0.857142857142857,0.114285714285714,14.7,0.534857142857143,23.9285714285714,1.21428571428571,0.971428571428571,2.18571428571429,0.0801428571428571,0.171428571428571,-1,-0.828571428571429,0.371428571428571
"Harvey Catchings",5,2,3.08,4.74,0.86,0.38,1.62,8.56,0.4798,9.2,-0.18,2.42,2.18,0.0728,-3.4,2.14,-1.24,0.34
"Steve Hawes",3,3,7.4,5.62,1.78,0.62,0.34,11.1,0.508,15.94,0.52,1.68,2.18,0.0714,-2.2,0.6,-1.6,0.32
"John Bagley",7,3,9.27142857142857,2.78571428571429,6.4,1.22857142857143,0.1,12.9428571428571,0.489714285714286,17.4714285714286,0.528571428571428,1.81428571428571,2.17142857142857,0.0482857142857143,-0.428571428571429,-0.485714285714286,-0.928571428571429,0.642857142857143
"Butch Carter",3,2,10.6,1.8,2.53333333333333,1.2,0.166666666666667,13.3,0.527,21,1.03333333333333,1.16666666666667,2.16666666666667,0.0593333333333333,-1.06666666666667,-0.4,-1.46666666666667,0.233333333333333
"Don Collins",4,4,10.5,2.91666666666667,1.98333333333333,1.15,0.316666666666667,14.35,0.518666666666667,23.1,0.55,1.61666666666667,2.16666666666667,0.0763333333333333,-0.833333333333333,0.8,-0.05,0.7
"Sidney Green",6,4,8.66666666666667,7.03333333333333,1.08333333333333,0.616666666666667,0.4,12.4,0.5065,18.8,0.25,2.03333333333333,2.15,0.0608333333333333,-2.21666666666667,-0.883333333333333,-3.1,-0.366666666666667
"Steve Colter",5,5,6.925,2.0375,3.2875,0.95,0.175,12.4375,0.4955,16.425,1,1.15,2.15,0.075125,-0.9875,0.5375,-0.4125,0.5875
"Greg Kelser",3,3,10.5333333333333,4.9,1.36666666666667,1,0.666666666666667,13.7,0.544666666666667,21.8333333333333,0.8,1.33333333333333,2.13333333333333,0.063,-1.56666666666667,-0.133333333333333,-1.76666666666667,0.166666666666667
"Walter Berry",3,4,12.9,4.56666666666667,1.38333333333333,0.533333333333333,0.7,15.25,0.552,23.05,1.23333333333333,0.883333333333333,2.11666666666667,0.0768333333333333,-0.55,-0.85,-1.38333333333333,0.266666666666667
"Ronnie Lester",3,1,8.36666666666667,2.16666666666667,4.6,0.866666666666667,0.133333333333333,13.2333333333333,0.528,17.8,1.3,0.8,2.1,0.063,-0.133333333333333,-0.866666666666667,-1,0.4
"Edgar Jones",6,5,8.78888888888889,4.86666666666667,0.855555555555556,0.566666666666667,1.16666666666667,14.6,0.556777777777778,19.6222222222222,0.911111111111111,1.18888888888889,2.08888888888889,0.0981111111111111,-1.78888888888889,0.566666666666667,-1.23333333333333,0.244444444444444
"Geoff Huston",4,3,11.55,1.7,5.6,0.716666666666667,0.0666666666666667,13.35,0.522833333333333,18.3,1.76666666666667,0.316666666666667,2.06666666666667,0.0523333333333333,0.133333333333333,-1.9,-1.75,0.1
"Ricky Sobers",6,3,12.3666666666667,1.88333333333333,3.93333333333333,1.08333333333333,0.166666666666667,13.0833333333333,0.517666666666667,23.4833333333333,0.5,1.56666666666667,2.06666666666667,0.0568333333333333,-1.26666666666667,-0.566666666666667,-1.88333333333333,0.05
"Albert King",8,3,11.8375,4.1375,2.125,0.8375,0.3625,12.8375,0.497375,23.4,0.225,1.8,2.0375,0.053625,-1.4125,-0.5375,-1.975,0.125
"Ennis Whatley",3,2,7.3,2.2,6.36666666666667,1.23333333333333,0.133333333333333,12.9333333333333,0.514,16.1333333333333,0.366666666666667,1.63333333333333,2,0.0533333333333333,-0.533333333333333,-0.4,-0.933333333333333,0.533333333333333
"Manute Bol",4,2,3.15,4.975,0.3,0.225,4.05,9.775,0.4395,8.25,-0.875,3,2,0.0525,-4.225,3.95,-0.25,0.775
"Reggie Johnson",3,5,9.3875,4.9125,0.9625,0.4,0.675,12.4125,0.537625,17.6125,0.975,0.9625,1.95,0.086,-1.6,-0.6,-2.1875,-0.0375
"Phil Smith",3,3,11.08,2.26,3.88,0.86,0.28,12.8,0.5044,20.14,1.16,0.76,1.92,0.0598,-0.92,-0.64,-1.54,0.2
"Wally Walker",3,2,9.33333333333333,4.23333333333333,2.33333333333333,0.533333333333333,0.3,10.9333333333333,0.487,17.7333333333333,0.3,1.6,1.9,0.048,-1.56666666666667,-0.7,-2.26666666666667,-0.2
"Elston Turner",4,2,5.7,3.25,2.125,1.075,0.075,9.75,0.4685,13.175,0.25,1.5,1.775,0.05275,-2.275,0.55,-1.725,0.075
"Mike Sanders",7,5,8.4,3.0875,1.2625,0.75,0.275,12.65,0.531875,19.7875,0.675,1.2625,1.775,0.078875,-1.7875,-0.1625,-1.975,0.025
"Paul Mokeski",3,4,5.675,5,1.2,0.425,0.725,9.65,0.501,13.95,0.1,1.675,1.775,0.06625,-3.325,0.775,-2.575,-0.175
"Earl Cureton",5,5,6.77142857142857,5.55714285714286,1.41428571428571,0.528571428571429,0.657142857142857,10.7571428571429,0.494428571428571,13.9857142857143,0.4,1.34285714285714,1.74285714285714,0.0542857142857143,-2.21428571428571,-0.342857142857143,-2.57142857142857,-0.2
"Joe Kleine",4,3,7.06666666666667,5.43333333333333,0.883333333333333,0.366666666666667,0.383333333333333,11.2166666666667,0.5085,16.8833333333333,0.583333333333333,1.21666666666667,1.66666666666667,0.0595,-2.71666666666667,-1,-3.7,-0.533333333333333
"Richard Anderson",4,4,6.34,4.12,1.72,0.68,0.28,11.76,0.4718,17,0.4,1.24,1.64,0.0622,-1,-0.18,-1.2,0.24
"Joe Bryant",3,2,11.1333333333333,4.16666666666667,2.36666666666667,0.966666666666667,0.4,12,0.519666666666667,19.5666666666667,0.5,1.1,1.63333333333333,0.0346666666666667,-1.7,-0.666666666666667,-2.4,-0.2
"Bill Willoughby",3,3,6.425,3.7,1.1,0.4,0.525,10.45,0.52225,14.5,0.75,0.85,1.625,0.0625,-1.425,-0.425,-1.825,0.075
"Leon Wood",3,5,7.85,1.3,3.38333333333333,0.533333333333333,0,13.4666666666667,0.516666666666667,18.35,1.2,0.383333333333333,1.61666666666667,0.0863333333333333,0.65,-1.58333333333333,-0.95,0.266666666666667
"Dell Curry",3,2,12.6333333333333,2.26666666666667,1.76666666666667,1.2,0.266666666666667,16.4333333333333,0.514666666666667,27,0.266666666666667,1.53333333333333,1.56666666666667,0.0546666666666667,0.4,0.166666666666667,0.533333333333333,0.9
"Quintin Dailey",8,3,14.2375,2.4375,2.2,0.9125,0.1,14.7625,0.500875,28.4375,0.7,1.1375,1.5625,0.04375,-0.9875,-1.3125,-2.2875,0.05
"Wes Matthews",6,5,9.3875,1.5,4.7125,1.1375,0.1875,12.9375,0.527875,19.825,0.4,1.1125,1.525,0.0555,-1.0375,-0.2625,-1.2875,0.3125
"Dennis Hopson",3,1,12.7,3.03333333333333,1.83333333333333,1.1,0.5,12.5333333333333,0.485666666666667,23.1333333333333,0.2,1.43333333333333,1.5,0.0333333333333333,-1.56666666666667,-0.566666666666667,-2.1,0.0666666666666667
"Larry Kenon",3,3,8.6,3.75,1.15,0.675,0.2,12.975,0.49975,20.125,0.675,0.875,1.5,0.05525,-0.575,-1.075,-1.625,0.1
"Terry Teagle",7,3,12.5714285714286,2.84285714285714,1.45714285714286,0.857142857142857,0.228571428571429,13.9571428571429,0.518285714285714,23.8,0.785714285714286,0.814285714285714,1.41428571428571,0.0462857142857143,-0.971428571428571,-1.61428571428571,-2.6,-0.285714285714286
"Paul Thompson",3,3,9.125,3.3,1.475,0.975,0.575,12.8,0.46125,22.3,0.3,1.1,1.4,0.05375,-1.35,0.65,-0.675,0.5
"Tom Henderson",3,1,5.56666666666667,1.6,3.83333333333333,0.733333333333333,0.0666666666666667,11.1333333333333,0.474333333333333,14.7333333333333,0.666666666666667,0.666666666666667,1.33333333333333,0.0443333333333333,-1.6,-0.5,-2.1,0.0333333333333333
"Mike Evans",5,1,8.82,1.5,2.76,0.78,0.08,12.18,0.519,20.66,0.56,0.74,1.32,0.0412,-1.42,-1.24,-2.62,-0.14
"Jon Sundvold",6,3,8.2,1.13333333333333,3.23333333333333,0.466666666666667,0,12.5166666666667,0.505333333333333,20,0.9,0.4,1.31666666666667,0.0465,-0.55,-2.01666666666667,-2.53333333333333,-0.15
"Jeff Wilkins",6,3,7.25714285714286,5.47142857142857,0.942857142857143,0.371428571428571,0.514285714285714,9.67142857142857,0.478714285714286,16.2428571428571,-0.214285714285714,1.52857142857143,1.28571428571429,0.0378571428571429,-3.37142857142857,-0.871428571428571,-4.24285714285714,-0.757142857142857
"Bob Wilkerson",3,2,9.23333333333333,3.46666666666667,3.16666666666667,1.2,0.3,11.3333333333333,0.479,18.6333333333333,-0.333333333333333,1.5,1.2,0.0253333333333333,-2,0.2,-1.8,0.133333333333333
"Jerry Reynolds",3,2,9.26666666666667,3.46666666666667,2.06666666666667,1.16666666666667,0.666666666666667,13.5333333333333,0.486666666666667,21.8333333333333,-0.166666666666667,1.66666666666667,1.16666666666667,0.0453333333333333,-0.966666666666667,0.7,-0.266666666666667,0.566666666666667
"Ron Brewer",5,5,11.6,1.60833333333333,1.71666666666667,0.891666666666667,0.383333333333333,12.7833333333333,0.491666666666667,21.5,0.658333333333333,0.475,1.15,0.0515833333333333,-0.883333333333333,-0.95,-1.825,0.05
"Winston Garland",3,3,10.08,3.24,4.98,1.38,0.14,11.6,0.47,18.68,-0.0199999999999999,1.96,1.12,0.0194,-1.94,-0.5,-2.44,0.02
"Marc Iavaroni",5,4,5.31666666666667,3.95,1.33333333333333,0.45,0.5,8.43333333333333,0.507166666666667,14.6833333333333,-0.366666666666667,1.48333333333333,1.1,0.0408333333333333,-3.46666666666667,0.283333333333333,-3.2,-0.4
"Kevin McKenna",3,2,6.4,1.56666666666667,1.86666666666667,0.933333333333333,0.133333333333333,11.2666666666667,0.52,17.7,0.366666666666667,0.733333333333333,1.06666666666667,0.0666666666666667,-2.1,0.566666666666667,-1.56666666666667,0.0666666666666667
"Michael Holton",4,5,7.12,1.54,3.12,0.84,0.08,10.86,0.4972,16.9,0.38,0.64,1,0.0414,-2.1,-0.58,-2.62,-0.18
"David Wingate",3,2,8.16666666666667,2.06666666666667,2.23333333333333,1.03333333333333,0.266666666666667,9.93333333333333,0.477333333333333,19.1,-0.533333333333333,1.4,0.933333333333333,0.0243333333333333,-2.83333333333333,-0.0333333333333333,-2.86666666666667,-0.3
"Jawann Oldham",4,3,5.05,4.825,0.55,0.35,2.05,10.75,0.49425,13.475,-0.225,1.125,0.875,0.04,-3.625,1.425,-2.2,-0.025
"Pearl Washington",3,2,8.5,1.93333333333333,3.8,1.33333333333333,0.1,12.5333333333333,0.498666666666667,21.4,-0.5,1.13333333333333,0.633333333333333,0.0226666666666667,-1.6,-0.0333333333333333,-1.66666666666667,0.1
"Joe Wolf",3,1,6.06666666666667,3.86666666666667,1.6,0.6,0.3,7.13333333333333,0.444333333333333,15.2,-1.2,1.3,-0.2,-0.00666666666666667,-4.56666666666667,-0.5,-5.06666666666667,-1.03333333333333
"Reggie Williams",3,3,8.55,2.475,1.4,0.875,0.425,9.15,0.43875,23.625,-1,1.475,-0.225,-0.01625,-4.55,-0.35,-4.9,-0.575
